ph,suhu,tds,kekeruhan,ph_next,suhu_next,tds_next,kekeruhan_next
6.62,35.17,543.88,8.47,6.65,35.26,543.53,9.13
10.66,20.49,153.98,34.25,10.85,21.69,173.16,35.5
9.12,20.44,643.96,11.12,9.21,20.0,660.21,13.04
8.19,26.47,501.27,16.72,8.13,26.81,485.12,16.84
5.09,29.77,1031.82,13.12,5.13,29.72,1021.72,11.16
5.09,35.41,928.38,10.97,5.06,35.69,942.74,10.45
4.41,33.67,578.66,49.54,4.41,33.34,537.97,49.61
10.06,28.92,365.94,17.14,10.01,28.89,363.7,14.39
8.21,25.47,1482.65,55.63,8.18,25.83,1461.19,57.71
8.96,39.94,708.3,58.2,8.99,40.0,701.15,58.41
4.14,28.52,1048.0,34.28,4.0,28.93,1043.52,34.85
10.79,29.03,253.8,8.58,10.64,28.6,248.43,10.63
9.83,23.27,754.11,22.47,9.62,23.06,745.82,21.53
5.49,35.9,89.93,47.86,5.25,35.67,73.47,48.72
5.27,33.87,782.91,22.04,5.09,32.98,817.29,21.88
5.28,24.42,1447.83,5.22,5.31,24.25,1475.84,4.94
6.13,21.65,607.1,33.41,6.0,22.01,589.67,32.25
7.67,33.61,106.54,50.71,7.75,32.97,130.28,53.21
7.02,33.09,94.89,47.76,7.03,33.61,88.89,47.19
6.04,25.47,612.58,10.51,5.74,25.71,614.52,11.56
8.28,39.02,282.04,40.37,8.38,38.65,281.09,37.55
4.98,23.02,83.86,13.23,5.1,22.95,73.96,15.0
6.05,28.65,1146.51,13.09,5.9,29.45,1161.27,14.67
6.56,38.87,714.86,52.44,6.63,39.24,716.75,52.59
7.19,28.39,469.4,14.98,7.06,28.4,462.26,14.64
9.5,32.77,1355.12,15.79,9.51,32.65,1335.55,16.39
5.4,27.95,218.4,0.04,5.21,27.99,205.0,3.47
7.6,25.48,1436.08,52.24,7.33,25.23,1411.46,49.6
8.15,39.68,505.25,47.56,8.09,38.63,505.44,48.73
4.33,28.19,1338.19,37.64,4.31,29.21,1320.24,36.27
8.25,37.88,924.27,45.02,8.19,37.96,920.28,44.99
5.19,24.6,1248.73,9.12,5.02,24.8,1269.28,8.75
4.46,24.26,1476.82,27.5,4.4,24.23,1494.81,26.86
10.64,20.62,468.19,21.07,10.68,20.26,467.7,21.06
10.76,33.03,1443.65,5.63,10.75,32.94,1442.34,3.93
9.66,27.37,614.75,29.17,9.69,26.57,642.95,30.71
6.13,37.29,608.99,55.24,6.03,38.43,616.8,52.55
4.68,29.46,543.56,2.4,4.86,28.85,538.64,3.21
8.79,39.36,835.04,17.49,8.61,38.85,813.65,17.0
7.08,23.71,273.51,12.45,7.15,23.49,279.42,10.7
4.85,37.37,852.88,14.29,5.03,38.02,865.32,14.59
7.47,35.53,835.47,54.51,7.54,35.54,826.0,52.17
4.24,35.42,1154.76,28.08,4.21,34.8,1159.13,28.14
10.37,36.9,1258.79,27.98,10.29,37.52,1253.34,25.84
5.81,35.22,688.64,45.63,5.97,35.59,685.88,46.33
8.64,32.52,488.38,9.27,8.42,32.79,451.07,7.88
6.18,22.62,426.04,29.24,6.04,22.98,422.71,28.56
7.64,20.65,332.2,25.8,7.58,21.85,346.75,26.24
7.83,38.42,133.59,35.81,8.01,39.51,124.12,34.66
5.29,32.33,546.55,59.97,5.35,31.99,547.34,59.89
10.79,35.93,441.86,46.17,10.64,36.74,430.52,43.9
9.43,29.63,1451.31,23.87,9.38,29.82,1456.71,24.82
10.58,22.35,858.68,49.65,10.48,22.6,855.43,52.3
10.26,22.5,553.55,10.24,10.16,21.66,539.46,14.43
8.19,33.71,891.68,1.83,8.33,33.63,911.67,1.96
10.45,28.61,251.84,12.27,10.25,28.2,265.77,13.45
4.62,24.01,693.86,20.42,4.86,24.42,684.79,17.75
5.37,29.83,958.04,30.63,5.5,30.37,965.51,32.89
4.32,21.28,758.9,36.91,4.48,20.25,766.96,38.07
6.28,31.64,632.58,54.64,6.21,31.63,642.21,53.91
6.72,25.38,1491.08,30.59,6.7,25.94,1465.67,32.45
5.9,35.95,1326.46,30.08,5.68,35.86,1341.56,29.69
9.8,26.21,953.94,3.01,9.72,26.57,945.39,2.33
6.5,29.1,875.6,2.09,6.57,29.28,870.23,2.81
5.97,20.23,949.96,33.07,6.16,20.4,989.53,31.47
7.8,21.45,341.9,26.29,7.63,21.31,346.43,27.82
4.99,27.85,622.95,50.35,4.93,27.24,617.15,48.77
9.62,29.6,107.22,9.64,9.59,29.04,74.14,8.07
4.52,32.0,739.54,1.5,4.31,32.36,760.39,0.13
10.91,25.83,837.39,26.94,11.0,25.84,817.21,28.08
9.41,33.9,380.24,14.25,9.3,33.83,365.19,13.32
5.39,37.2,1447.84,2.98,5.36,36.99,1442.87,0.95
4.04,35.6,1368.71,43.48,4.0,35.44,1389.96,42.57
9.71,20.79,1097.11,6.7,9.59,21.32,1108.71,6.65
8.95,29.61,823.41,36.5,8.95,29.44,821.04,34.73
9.1,22.1,1311.46,16.86,9.07,21.43,1316.08,15.14
9.4,24.84,239.45,10.41,9.34,25.21,230.44,13.58
4.52,39.73,1196.24,22.79,4.41,39.63,1198.33,21.49
6.51,22.85,230.99,48.09,6.56,22.87,232.09,47.6
4.81,29.98,1201.61,23.53,5.06,30.78,1216.14,22.97
10.04,32.36,449.86,45.05,10.06,32.35,464.37,44.41
8.36,34.05,1321.78,7.53,8.51,34.19,1329.19,8.46
6.32,31.19,1418.86,46.37,6.11,30.6,1413.43,47.79
4.44,20.2,265.75,14.22,4.47,20.09,276.88,13.76
6.18,26.53,720.88,40.64,6.01,26.83,719.5,38.79
6.28,30.35,1472.43,33.95,6.05,29.58,1456.2,35.86
9.11,21.76,750.94,55.75,9.0,21.86,744.89,55.61
8.46,27.01,1302.14,23.24,8.64,27.06,1303.41,25.83
10.21,20.66,903.66,3.97,10.35,20.68,917.31,0.6
7.31,21.57,594.23,1.15,7.34,22.09,591.48,1.44
4.84,27.94,464.39,49.61,4.61,28.11,446.25,52.49
8.99,22.65,344.67,31.48,8.96,23.39,345.52,30.95
9.33,31.35,1154.61,46.51,9.37,30.85,1156.31,46.18
7.93,33.79,610.48,14.07,7.96,33.86,613.27,14.51
9.4,36.01,791.35,20.71,9.12,36.05,805.15,19.87
7.46,24.0,763.87,1.81,7.32,23.47,779.16,1.34
7.66,23.35,887.05,57.69,7.65,23.83,878.14,57.18
6.99,22.09,1305.09,40.07,7.07,23.25,1295.84,39.13
4.18,32.73,1472.07,55.99,4.0,32.72,1456.47,57.84
4.76,34.13,641.0,15.93,4.73,34.38,651.48,16.62
4.22,20.63,1249.9,36.69,4.24,20.67,1271.63,37.06
8.45,38.72,1158.57,40.71,8.58,38.37,1153.84,41.92
6.2,21.04,881.62,19.05,6.3,20.13,878.0,18.66
7.56,30.83,1436.27,50.89,7.65,30.47,1458.27,49.73
10.35,34.18,340.69,56.83,10.23,33.49,348.27,55.93
5.75,37.42,208.43,53.09,5.46,38.27,214.98,53.09
6.87,34.28,1288.24,44.34,6.81,34.22,1270.38,42.76
9.29,36.03,686.77,16.65,9.44,35.86,696.95,15.9
5.6,26.79,1278.1,16.9,5.81,27.23,1264.17,16.12
4.54,36.3,1344.98,57.8,4.65,35.74,1327.97,60.0
6.03,21.6,140.56,0.62,6.09,21.22,135.36,0.0
5.13,37.9,1331.02,42.96,5.19,37.93,1322.24,42.69
10.51,30.95,700.06,42.37,10.42,31.47,696.74,44.96
9.66,36.35,790.13,37.36,9.64,36.6,768.51,37.54
8.43,29.05,958.56,59.41,8.68,29.17,972.94,60.0
10.1,32.87,1393.25,18.71,9.96,32.91,1410.17,18.86
9.63,30.53,77.72,20.4,9.87,30.73,50.0,19.4
5.31,34.63,741.42,4.74,5.26,34.73,756.1,1.37
10.25,21.63,1047.2,26.57,10.45,21.12,1035.04,26.88
7.78,21.21,1097.93,15.66,7.56,21.23,1110.78,14.5
9.65,24.94,1054.17,20.6,9.74,24.41,1053.15,19.4
10.27,23.19,244.93,50.07,10.16,23.23,245.36,49.33
6.23,37.44,484.12,56.13,6.01,37.2,481.35,58.75
4.77,24.38,570.14,11.14,4.8,25.65,588.32,14.75
5.6,39.52,1216.43,22.35,5.75,39.5,1197.84,22.68
6.99,26.74,454.2,55.72,6.86,26.04,463.32,55.02
9.73,23.64,355.52,3.71,9.5,23.58,372.04,1.94
10.03,35.79,1438.3,5.54,10.01,36.05,1449.04,6.24
4.05,33.17,62.85,9.77,4.04,34.01,97.72,12.44
7.58,29.96,1496.84,35.71,7.66,29.67,1488.91,35.34
6.92,31.11,1031.39,9.03,7.06,30.32,1045.75,5.46
5.55,34.38,1251.28,58.08,5.55,34.79,1249.69,59.09
4.84,24.57,477.2,26.8,5.12,23.88,495.7,28.28
6.36,39.93,70.76,30.09,6.4,39.71,70.64,27.71
10.6,39.5,1119.91,14.8,10.55,39.37,1114.09,15.06
6.26,33.01,1259.51,28.26,6.02,32.97,1279.1,28.93
7.63,23.99,1123.69,39.71,7.59,24.34,1116.32,39.61
8.92,33.6,257.13,45.07,8.87,33.26,235.94,43.88
6.55,21.44,1142.47,45.23,6.69,21.31,1134.72,46.76
10.8,20.61,1164.94,34.67,10.87,20.61,1174.22,34.07
10.74,25.15,1004.88,54.26,10.56,25.23,1025.76,52.03
5.76,29.25,1160.87,49.04,5.79,29.3,1162.54,45.97
7.48,37.37,1276.59,45.42,7.58,37.58,1296.36,47.31
6.11,34.54,939.73,3.34,6.34,34.97,919.35,4.26
5.99,34.85,178.48,0.41,6.13,35.05,171.83,0.54
4.26,28.51,757.06,12.75,4.37,28.74,752.73,12.09
8.27,26.92,162.59,39.81,8.28,26.13,160.87,39.02
7.52,27.42,640.94,24.67,7.58,27.45,642.2,23.06
4.36,39.75,640.3,24.14,4.55,39.99,650.67,23.5
5.95,20.8,145.71,53.08,5.75,21.17,139.04,49.9
10.36,37.34,555.79,53.73,10.31,36.99,557.88,52.63
5.68,31.57,210.95,54.55,5.56,31.24,210.27,54.08
5.01,28.77,1221.94,18.83,5.07,28.49,1208.05,19.75
7.43,34.51,1424.15,41.46,7.61,34.77,1422.44,41.4
10.9,29.73,154.86,16.3,10.81,30.25,152.7,17.49
5.69,37.47,1434.92,11.44,5.34,37.26,1432.44,13.46
8.7,38.01,807.74,11.08,8.64,38.47,808.21,12.67
9.33,28.43,484.37,20.53,9.47,28.5,485.51,21.23
5.66,25.54,161.45,25.8,5.74,25.47,154.97,25.82
9.1,31.85,775.91,49.86,9.16,31.74,795.0,48.39
6.57,38.25,1202.05,7.19,6.53,38.62,1184.51,8.3
8.43,24.21,1075.28,44.1,8.23,24.38,1064.46,46.62
8.43,32.46,122.83,31.89,8.51,33.6,164.53,32.4
7.75,32.63,155.71,17.28,7.63,32.21,140.14,20.15
4.63,34.66,634.17,29.57,4.96,34.92,613.86,27.28
9.85,22.63,478.17,18.0,9.93,22.37,489.19,16.27
6.25,34.32,386.96,35.76,6.16,33.88,355.8,37.05
5.31,38.18,457.46,26.03,5.21,38.18,453.93,26.43
4.29,23.59,1215.05,9.86,4.27,23.66,1247.24,11.84
8.14,24.75,1397.38,6.99,8.1,26.21,1374.21,6.97
8.74,39.43,637.4,32.8,8.91,39.34,607.67,31.5
4.12,23.62,1363.86,54.14,4.14,23.05,1341.37,53.82
7.58,37.09,516.17,20.64,7.47,37.22,529.64,18.34
5.59,29.85,740.83,43.98,5.87,28.81,757.71,42.29
8.52,24.94,377.74,39.52,8.52,24.9,370.05,40.98
5.22,37.41,978.69,55.89,5.34,37.42,988.94,57.2
8.84,28.91,1469.52,49.26,8.75,29.3,1490.38,49.8
6.71,30.3,925.06,34.0,6.76,30.78,951.88,31.41
10.56,27.18,568.83,39.42,10.6,26.93,565.14,38.88
4.96,31.86,989.34,53.9,4.68,31.78,954.81,52.07
6.39,23.27,228.23,23.97,6.69,22.89,215.92,25.74
4.79,27.82,1338.56,19.61,4.99,27.26,1332.15,18.73
10.47,39.39,779.47,0.65,10.41,39.54,775.59,0.0
10.14,25.16,701.56,49.59,9.98,24.53,698.74,49.64
5.81,33.13,899.5,48.06,5.86,32.93,916.29,47.1
8.62,26.5,955.94,6.27,8.63,26.01,975.05,8.49
9.72,35.47,154.07,34.61,9.77,35.74,151.5,33.51
7.89,22.62,1039.79,27.84,7.92,23.52,1056.27,25.74
7.71,39.4,400.8,7.12,7.78,38.75,406.17,3.89
5.69,29.08,1085.23,58.83,5.91,28.15,1086.2,58.79
4.65,24.72,1242.68,12.88,4.74,24.66,1256.27,12.04
10.28,21.47,1215.74,4.03,10.12,21.48,1216.82,1.89
10.3,23.4,851.13,35.69,10.51,23.5,881.99,37.47
8.43,30.4,804.25,44.33,8.68,30.17,782.67,45.33
6.37,26.74,257.17,1.95,6.85,26.64,249.44,1.9
6.44,36.58,1174.25,39.52,6.28,36.76,1172.35,41.57
9.08,28.62,443.54,31.94,9.12,29.14,450.14,32.93
10.28,24.97,770.21,6.2,9.97,24.0,789.23,4.96
10.21,32.34,462.2,10.35,10.29,32.16,461.83,8.79
9.46,34.14,244.05,34.08,9.38,34.24,222.72,35.31
8.49,23.34,962.86,17.78,8.78,22.88,975.5,18.38
4.59,23.35,128.78,56.3,4.47,24.22,140.11,56.55
5.13,20.73,1135.54,49.12,4.88,20.42,1106.41,47.85
10.29,34.73,510.5,59.01,10.22,34.71,510.44,59.93
8.25,33.28,50.2,15.58,7.95,33.55,50.0,14.45
4.06,29.49,791.14,58.18,4.18,29.2,781.17,58.03
4.71,36.88,117.94,25.87,4.4,35.96,104.39,28.04
8.64,36.11,450.45,20.85,8.65,35.9,462.58,19.86
4.04,31.71,1075.12,3.02,4.0,32.22,1076.87,0.66
5.13,37.37,140.9,3.17,5.08,37.2,121.62,1.59
7.84,24.12,1267.04,41.52,8.09,23.69,1280.24,43.01
8.84,22.24,55.54,27.48,8.9,22.7,50.0,27.86
8.56,25.39,407.89,13.59,8.43,25.23,412.85,13.4
5.57,21.14,1124.31,36.84,5.57,20.89,1112.1,36.07
8.99,30.62,508.59,15.17,8.99,30.7,503.11,15.9
5.66,38.73,197.74,34.66,5.73,39.12,205.31,33.38
6.28,20.79,572.34,21.55,6.07,21.98,580.16,22.01
9.23,22.44,442.07,49.41,9.31,22.86,462.12,48.32
8.55,29.04,1271.93,49.24,8.14,29.62,1270.7,47.9
9.94,38.68,504.35,28.64,9.85,38.42,508.95,27.68
8.6,26.32,1193.95,21.05,8.53,25.81,1187.39,20.49
7.98,30.14,1343.21,21.75,8.07,30.18,1345.94,21.68
4.66,20.83,679.04,48.34,4.66,20.89,685.63,48.7
6.57,22.97,1369.42,19.69,6.36,22.43,1367.94,14.16
5.86,39.73,597.11,12.54,5.71,39.64,570.05,11.33
5.71,39.3,1447.91,5.08,5.74,39.5,1452.89,4.49
10.81,20.1,179.47,28.0,10.8,20.28,184.94,30.26
6.75,39.04,1046.18,28.93,6.66,39.29,1035.98,27.31
10.24,32.78,766.03,50.45,10.17,32.93,746.76,50.7
8.42,37.36,612.09,13.27,8.52,37.1,634.23,15.52
9.56,29.09,967.43,22.86,9.49,28.84,974.8,20.89
7.52,30.31,1070.59,48.5,7.51,29.71,1067.16,49.1
8.04,29.78,56.33,49.42,8.36,30.67,50.0,48.21
7.45,33.34,292.08,23.08,7.23,33.34,279.75,22.32
5.37,22.79,1083.92,27.55,5.09,22.68,1103.46,26.34
9.06,20.6,1016.26,18.2,9.17,20.14,1018.32,17.1
5.97,26.16,1450.77,55.95,5.86,27.63,1442.51,60.0
4.17,34.09,1153.5,7.12,4.12,33.56,1161.15,8.39
8.52,24.04,1428.62,56.02,8.4,23.82,1416.4,57.68
5.24,33.47,1068.68,41.03,5.2,33.68,1091.2,41.77
10.58,39.4,482.18,31.89,10.82,39.7,502.47,29.48
10.68,21.88,202.78,1.96,10.8,22.36,195.78,2.55
10.4,33.45,1183.64,28.54,10.53,34.36,1174.21,30.15
6.59,28.88,984.02,24.46,6.38,29.13,944.74,23.18
4.11,37.36,119.87,9.67,4.0,36.83,97.65,11.12
10.5,23.54,572.07,39.38,10.07,23.41,551.98,40.44
7.0,33.85,1437.36,58.27,6.88,34.01,1439.39,60.0
10.77,36.76,775.58,33.73,10.91,37.8,770.69,33.1
10.75,38.89,677.46,42.89,10.82,38.19,657.28,41.24
9.97,33.66,713.66,4.11,9.94,34.27,709.45,3.56
6.06,29.94,352.88,25.06,6.06,30.03,360.46,27.21
6.7,32.36,584.63,6.98,6.59,32.78,592.54,4.24
9.96,37.38,586.23,36.77,9.99,37.33,557.73,33.67
6.22,31.41,125.91,56.31,6.33,30.99,123.99,56.44
5.19,20.61,1162.97,39.71,4.94,20.98,1142.22,39.04
7.9,38.62,653.93,4.61,7.94,38.95,667.46,4.62
10.55,33.79,1242.16,21.28,10.69,34.28,1253.92,22.7
8.87,33.53,1283.0,33.04,8.81,33.52,1269.53,32.21
7.99,24.31,357.39,24.19,8.1,24.01,345.9,21.38
4.68,33.18,1003.16,50.02,5.1,32.4,996.24,53.09
8.31,27.88,734.81,48.88,8.29,28.29,701.02,47.38
10.93,33.02,1326.23,36.71,10.99,33.24,1331.27,35.12
4.98,22.13,362.82,22.41,4.87,21.65,358.73,24.06
7.63,33.16,1032.83,15.32,7.66,32.89,1047.38,14.74
10.14,39.99,931.24,6.35,10.21,39.75,914.76,6.26
9.19,20.96,478.19,21.29,9.21,20.22,468.9,22.02
8.88,39.54,248.07,24.79,8.73,39.13,225.47,26.42
8.92,28.14,994.88,40.55,8.95,27.57,979.81,40.05
6.52,37.42,1120.97,39.49,6.74,37.21,1103.24,41.77
6.06,35.65,507.66,4.21,6.12,35.28,522.6,1.0
9.67,31.34,985.01,23.72,9.81,30.53,974.53,24.86
9.67,34.77,622.94,10.91,9.64,35.78,624.8,9.65
10.07,37.57,1084.15,9.41,10.18,38.2,1078.44,11.47
10.39,28.08,338.86,49.64,10.43,27.69,319.82,49.85
7.58,26.54,1340.81,2.51,7.44,26.68,1338.29,1.51
7.51,33.35,466.74,25.15,7.56,33.56,475.73,26.15
9.59,36.16,583.29,10.09,9.44,36.75,565.17,11.43
8.55,35.25,134.23,52.76,8.45,34.84,146.37,53.72
8.91,35.96,211.69,33.42,8.94,36.5,198.95,31.88
9.57,28.71,798.0,13.88,9.62,28.44,790.76,13.16
10.23,36.36,438.01,30.15,10.05,35.69,445.97,30.14
6.37,22.4,1261.45,43.89,6.52,22.77,1251.49,43.83
6.63,30.89,71.31,57.49,6.71,31.54,71.87,58.61
4.66,20.12,599.69,13.23,4.55,21.41,594.97,10.2
8.05,26.49,539.15,53.17,7.82,25.89,541.09,53.67
4.25,27.33,78.03,56.06,4.23,27.68,50.0,55.62
7.26,27.92,230.33,54.99,7.19,27.72,202.89,53.73
7.8,33.91,649.78,38.12,7.82,34.3,659.02,37.01
6.01,27.77,764.65,37.79,5.95,27.04,780.21,37.47
8.14,28.97,636.22,24.19,7.83,28.34,622.56,18.79
4.21,24.75,819.86,45.14,4.16,24.36,816.2,44.09
4.26,27.47,912.94,31.88,4.22,27.5,917.36,30.56
9.76,24.55,64.39,40.65,9.85,24.22,74.79,41.45
6.52,21.46,722.94,25.71,6.42,21.79,692.52,24.5
4.89,32.07,1447.07,43.89,5.14,32.58,1433.78,43.57
7.66,33.36,802.6,49.47,7.37,33.66,797.61,51.78
9.39,32.39,1032.44,8.79,9.59,33.2,1042.98,10.28
5.51,29.27,502.2,49.98,5.48,29.48,539.68,51.33
8.36,27.6,1172.29,32.42,8.49,26.99,1168.87,31.67
4.6,37.27,1170.74,50.68,4.61,37.95,1149.63,51.49
4.36,30.38,805.88,25.88,4.53,30.08,811.91,25.53
7.72,29.58,1465.22,22.74,7.66,30.04,1485.03,22.45
7.78,20.51,232.05,54.9,7.62,21.3,233.67,55.52
8.46,26.82,74.57,15.07,8.68,27.05,60.97,14.17
9.08,27.6,1166.73,50.65,9.07,26.86,1181.1,52.89
10.83,27.98,1220.38,29.04,10.86,27.52,1230.33,28.8
7.61,31.6,224.3,30.85,7.8,32.26,208.91,31.77
6.26,30.67,435.1,18.51,6.11,30.59,440.82,20.69
9.57,32.16,75.45,34.38,9.66,32.2,90.41,35.93
5.9,35.3,475.3,19.51,5.81,35.68,493.03,17.4
7.07,36.26,1171.06,2.36,7.05,36.61,1170.06,3.02
4.55,34.36,801.04,16.32,4.56,34.5,795.67,17.6
4.18,39.11,554.74,0.38,4.0,39.01,573.15,1.72
10.74,20.36,589.02,58.7,10.62,20.21,570.87,57.03
9.85,23.92,51.96,57.94,10.05,24.34,58.54,56.96
8.87,20.15,484.71,23.71,9.0,20.43,464.16,25.2
6.86,32.95,987.37,43.7,6.85,32.82,1003.35,42.56
5.21,37.96,1462.58,20.75,5.25,38.5,1458.71,20.3
5.1,24.87,1278.24,40.27,5.05,24.81,1297.27,42.63
5.75,38.54,84.21,48.33,5.96,38.11,91.58,48.25
7.84,21.21,1352.91,56.81,7.81,20.83,1334.56,55.72
9.0,38.69,1185.64,24.01,9.04,38.2,1207.01,22.7
8.62,27.03,1181.55,47.0,8.79,26.9,1204.81,47.5
5.96,22.03,714.09,15.96,5.84,22.65,727.33,13.96
10.68,29.72,627.11,59.42,10.92,29.31,615.68,59.05
9.17,25.14,489.23,1.55,8.94,25.23,484.64,2.05
7.88,25.7,145.26,36.21,8.12,25.37,147.44,38.16
8.28,26.15,380.94,39.57,8.23,26.02,370.39,40.57
6.94,36.06,407.58,41.28,6.9,35.31,432.96,40.21
5.73,30.78,751.91,7.22,5.45,30.67,754.08,8.99
6.49,26.23,1133.79,56.31,6.42,26.13,1093.24,55.86
9.3,32.21,737.02,10.87,9.15,32.48,742.11,9.02
4.1,34.32,133.87,37.37,4.01,34.43,128.65,37.11
4.81,25.45,1438.8,13.36,4.79,24.85,1437.67,15.52
4.32,28.27,1416.95,18.43,4.47,28.81,1411.42,18.68
4.29,22.44,1188.52,32.79,4.32,22.54,1200.63,32.81
9.99,23.62,1487.43,25.03,10.03,23.72,1500.0,27.49
8.93,33.62,839.5,9.61,8.76,33.62,843.75,7.47
7.32,23.63,1446.01,10.26,7.19,23.37,1440.92,8.33
4.68,30.5,159.63,25.09,4.95,30.61,159.01,22.66
7.44,34.18,580.24,45.44,7.33,34.42,580.53,46.0
7.31,22.14,376.8,53.88,7.56,21.26,364.77,54.13
5.21,31.35,333.96,5.05,5.18,31.08,342.64,7.36
7.04,25.13,254.16,23.59,7.04,25.0,261.06,23.95
6.79,39.26,952.5,6.01,6.95,39.39,975.61,5.41
8.31,29.67,1182.92,1.0,8.5,30.27,1201.75,1.0
8.45,36.12,888.53,39.7,8.43,35.73,878.25,39.88
4.32,31.0,263.1,36.15,4.26,30.76,275.4,33.64
6.62,20.87,1226.13,9.78,6.61,20.61,1211.87,13.85
8.38,32.66,972.13,14.03,8.43,32.26,982.57,14.81
7.52,39.03,612.84,1.42,7.66,38.85,605.09,1.74
10.0,32.03,1027.49,50.1,10.0,32.42,1012.14,51.02
8.61,36.38,426.86,58.48,8.7,35.86,431.06,59.55
5.14,37.68,550.53,8.13,5.39,37.9,510.41,7.92
4.49,24.56,1380.35,13.89,4.55,23.71,1354.09,12.94
8.5,24.24,471.23,52.1,8.54,23.96,468.57,53.0
4.19,32.22,731.48,55.59,4.0,32.05,732.72,56.17
8.1,28.22,1340.7,25.18,7.71,29.06,1335.16,23.96
10.58,36.8,1076.2,3.04,10.64,36.66,1052.5,5.17
8.03,38.0,140.19,2.36,8.01,36.9,127.93,2.8
6.72,27.07,263.59,34.44,6.64,26.07,269.46,35.53
8.5,24.74,61.37,23.57,8.54,24.75,70.1,25.66
7.21,35.61,964.84,1.72,7.2,35.92,964.59,1.75
7.82,25.5,699.13,35.0,7.99,25.68,716.48,35.47
10.59,36.45,244.7,0.68,10.6,36.54,250.66,1.89
6.7,28.47,1439.0,47.24,6.59,29.06,1427.79,46.16
10.73,33.35,818.01,18.39,10.88,33.08,813.8,18.47
10.34,21.91,400.75,2.42,10.3,22.36,379.7,2.6
5.37,32.48,775.88,35.3,5.45,31.66,774.25,33.87
4.49,29.04,1035.45,23.86,4.41,28.58,1052.13,27.34
4.71,31.73,160.55,58.43,4.61,30.83,170.83,56.32
4.13,23.36,448.32,32.65,4.14,23.22,469.35,30.7
4.66,34.74,1220.1,16.51,4.66,34.71,1215.56,18.49
8.78,37.26,716.51,42.57,8.85,37.31,736.71,43.64
4.5,24.33,842.54,16.29,4.46,24.37,839.64,14.75
6.23,21.91,677.58,54.25,5.96,21.45,699.66,55.17
9.91,20.47,113.65,22.48,9.85,20.38,113.33,24.69
4.16,32.84,290.34,32.99,4.28,32.09,300.95,32.95
9.7,32.14,696.04,3.03,9.66,32.82,718.16,6.93
5.97,30.93,353.32,25.57,5.94,30.78,350.42,22.98
4.83,24.64,122.47,49.94,4.98,24.39,125.75,50.98
8.88,27.82,1273.29,48.34,8.77,28.61,1292.62,50.09
8.4,31.89,1472.73,13.46,8.17,31.27,1470.73,14.8
10.14,29.94,1200.06,13.56,10.12,29.37,1180.24,13.26
9.15,39.76,1287.99,49.04,9.07,39.21,1320.13,48.6
9.62,22.73,400.87,55.82,9.48,22.69,393.82,56.49
5.97,33.9,1442.91,5.72,5.95,34.12,1445.29,6.95
5.24,28.09,335.54,27.0,5.32,28.46,352.88,27.91
9.25,28.56,1429.57,20.25,9.25,29.85,1420.45,21.81
9.65,34.35,1492.49,52.24,9.69,33.23,1477.37,50.71
10.93,33.85,1082.0,5.01,11.0,34.15,1085.8,4.67
6.89,39.83,1472.66,12.67,6.84,39.55,1445.76,11.26
6.6,22.57,875.83,45.15,6.65,22.27,871.51,44.57
9.43,22.08,426.34,3.08,9.36,21.77,430.01,4.6
6.39,34.49,683.64,29.55,6.26,34.03,679.59,29.71
10.52,31.57,910.66,26.53,10.43,32.41,887.51,30.44
10.01,25.48,155.97,20.06,9.94,25.9,179.88,20.35
7.0,21.59,952.4,23.67,7.06,21.6,953.95,23.76
9.26,21.71,1472.71,31.8,9.61,22.39,1494.18,31.96
9.28,37.88,325.66,9.68,9.17,37.13,321.76,8.73
4.72,23.84,1199.26,34.32,4.66,23.17,1186.06,34.23
10.32,26.47,1366.45,48.33,10.31,25.38,1370.49,50.02
7.54,24.53,1418.37,45.61,7.6,24.18,1415.13,45.78
9.79,27.1,1442.2,9.23,9.82,27.18,1424.53,8.04
6.24,21.39,806.12,8.95,6.43,21.44,828.16,7.57
10.27,30.38,1467.1,16.09,9.9,30.46,1457.76,15.42
6.72,21.35,1148.1,21.66,6.37,20.65,1120.5,21.78
4.08,36.01,284.42,24.51,4.0,36.41,304.35,26.3
10.34,24.67,741.51,40.78,10.5,24.79,733.94,38.77
4.64,30.8,1091.58,3.4,4.4,31.17,1082.46,2.92
6.24,37.6,408.64,2.08,5.78,36.66,382.16,2.3
10.65,33.02,978.89,23.51,10.74,33.17,1005.01,20.76
10.65,30.66,1016.57,41.83,10.69,30.07,997.23,40.58
8.01,26.49,285.91,11.61,7.85,26.29,286.79,10.59
8.42,26.66,869.37,38.49,8.28,26.93,883.06,37.3
7.14,33.39,1168.86,15.59,6.99,33.44,1175.18,15.88
6.05,39.88,773.4,53.17,6.07,39.46,772.5,52.92
6.3,33.24,67.55,53.74,6.21,33.24,50.0,52.91
8.71,31.16,63.11,17.84,8.78,30.39,50.96,18.48
9.27,34.61,567.69,13.8,8.84,35.19,570.51,16.38
9.54,29.3,1392.98,24.68,9.41,29.2,1381.17,27.14
9.53,21.2,381.58,14.43,9.36,21.76,384.63,11.55
4.64,31.25,969.83,40.34,4.6,30.98,980.05,41.21
7.46,39.15,372.01,49.56,7.38,38.89,386.45,49.3
4.4,23.51,516.42,40.39,4.52,23.12,498.03,40.62
7.85,33.8,1279.66,49.46,7.57,34.24,1312.61,48.86
7.09,24.02,1106.85,23.82,7.1,23.66,1118.36,24.0
10.21,30.72,188.33,9.38,10.3,31.04,188.3,9.61
6.46,21.93,671.62,44.28,6.73,21.74,687.96,43.41
4.82,29.01,92.3,21.63,4.75,28.02,127.78,20.28
5.0,35.12,747.29,40.28,5.05,34.84,725.71,39.6
9.33,26.95,1010.53,16.24,9.06,26.36,1007.15,16.59
8.33,33.3,221.83,4.87,7.97,33.32,186.15,5.77
4.71,35.91,468.88,59.55,4.83,35.31,471.77,60.0
4.59,38.54,626.86,9.37,4.59,39.01,632.34,8.63
8.91,24.69,1383.32,59.31,9.08,24.65,1382.73,59.73
4.51,27.99,1490.22,58.64,4.3,27.9,1480.4,60.0
9.75,23.05,115.12,47.63,9.83,23.38,84.38,49.38
8.94,39.85,1153.46,39.57,9.22,40.0,1159.06,39.48
4.57,38.54,589.0,34.67,4.63,38.53,610.83,34.34
4.59,30.8,619.06,51.97,4.64,30.41,610.2,52.25
10.91,36.84,1143.68,17.37,10.91,35.95,1150.29,15.64
6.62,30.42,1381.72,28.06,6.38,30.08,1358.2,27.77
6.59,32.47,1428.85,37.16,6.8,32.16,1435.7,38.28
9.69,21.78,886.83,24.67,9.6,21.84,880.93,25.63
10.63,35.11,567.83,25.65,10.71,34.93,556.39,25.24
10.9,22.55,1191.95,19.82,10.67,22.9,1180.54,20.14
9.27,36.52,413.95,33.85,9.1,36.21,408.05,32.62
6.63,35.64,867.91,51.03,6.85,35.61,873.64,52.09
4.58,34.17,569.94,12.09,4.53,34.77,550.26,11.97
9.44,20.72,1002.12,56.07,9.66,20.89,996.16,55.65
7.91,26.06,398.58,41.35,7.9,26.03,397.96,40.8
6.97,25.26,327.81,49.4,6.69,24.96,311.32,49.3
10.34,27.2,1381.45,33.37,10.48,26.89,1408.4,32.7
4.78,21.75,197.62,46.77,4.69,21.33,184.81,47.76
7.45,38.74,783.64,0.97,7.55,38.47,773.6,0.38
4.08,31.08,370.24,49.1,4.08,31.45,355.56,51.49
7.28,26.11,106.45,2.41,7.05,26.0,133.43,4.61
4.39,27.94,102.23,53.39,4.42,27.26,110.52,52.06
4.83,28.94,304.07,59.52,5.16,29.83,290.02,59.62
4.82,32.01,1306.82,17.64,4.9,32.17,1323.41,16.67
8.54,30.31,459.59,12.62,8.54,29.61,462.6,12.13
9.22,38.39,1428.17,45.92,9.38,38.17,1432.02,48.93
8.08,29.94,893.35,15.18,8.12,29.99,888.19,14.72
10.74,39.84,683.09,51.93,10.77,40.0,671.85,52.47
6.62,37.03,891.13,6.17,6.46,36.47,896.2,6.98
6.0,24.17,799.21,7.56,6.04,24.66,791.04,6.06
10.08,38.61,1150.23,58.75,10.24,39.31,1177.48,57.47
5.57,22.33,459.62,40.43,5.44,22.01,440.58,38.62
10.74,36.35,561.92,50.81,10.96,36.21,584.97,49.48
4.09,27.61,1346.44,19.46,4.07,27.09,1344.77,15.18
10.79,37.56,1422.36,40.59,10.66,37.46,1426.85,41.41
4.3,37.36,1344.21,35.65,4.45,37.34,1356.71,38.74
10.24,36.12,658.2,36.19,10.19,36.45,648.75,36.41
7.69,35.8,1181.53,40.95,7.81,36.35,1194.49,38.83
10.95,26.09,740.69,34.52,10.91,25.72,700.07,33.56
4.52,21.62,771.43,25.74,4.51,20.63,760.63,25.06
7.88,28.06,346.79,16.56,7.95,28.05,332.93,15.03
10.79,23.47,907.14,46.11,10.83,23.62,888.34,47.41
7.66,33.9,319.9,13.58,7.36,34.02,316.67,14.79
8.41,26.92,530.77,41.54,8.24,26.76,536.56,39.81
8.87,39.51,1289.79,14.0,9.01,39.57,1300.33,15.09
7.18,32.82,350.26,37.52,7.16,33.58,353.87,39.81
8.39,36.45,153.18,44.82,8.31,36.64,143.19,47.68
8.09,22.65,150.06,13.12,7.89,22.46,155.6,17.42
10.31,37.24,1414.14,3.6,10.15,36.99,1416.0,2.24
4.32,38.46,785.03,7.86,4.01,38.37,799.08,12.09
5.97,29.74,643.65,36.36,5.95,30.56,655.3,35.83
10.65,32.13,1225.77,50.97,10.56,32.03,1226.23,50.08
10.23,35.3,1261.95,2.7,10.09,35.29,1248.49,3.19
7.19,23.5,531.68,44.05,7.18,23.26,521.88,43.18
8.34,30.05,1055.75,20.48,8.4,30.6,1047.5,21.08
5.94,27.97,1168.13,28.71,6.26,28.95,1163.4,26.73
5.32,22.93,999.24,55.73,5.09,23.15,1003.26,55.37
7.25,27.35,269.81,19.92,7.42,27.39,280.54,21.85
6.47,21.36,1320.03,27.92,6.62,21.38,1319.26,27.83
8.09,20.52,831.69,0.82,7.97,20.0,831.93,1.03
4.54,22.7,459.59,4.9,4.57,23.08,461.73,5.61
10.82,39.26,666.58,15.52,10.75,39.33,658.84,17.27
10.9,30.99,104.48,1.67,10.93,31.2,90.6,0.0
8.89,39.32,235.41,37.88,9.11,38.96,209.08,38.76
7.75,28.65,1160.04,25.58,7.84,28.46,1149.62,25.18
6.17,26.24,50.02,32.89,6.24,26.03,57.11,33.14
9.7,30.12,654.02,10.48,9.63,30.63,643.48,12.07
8.79,28.79,807.64,17.76,8.57,28.6,804.07,15.96
5.14,22.11,129.22,39.83,5.11,23.15,136.22,38.31
10.38,32.82,1460.96,57.92,10.56,33.03,1468.77,55.02
9.76,24.32,377.88,3.03,9.53,23.68,361.69,2.2
10.65,32.39,491.09,53.42,10.49,32.33,506.04,55.42
9.08,33.0,490.72,34.61,9.1,32.68,507.63,34.43
8.29,23.04,384.1,33.84,8.15,21.94,367.16,31.82
6.93,21.23,52.14,30.02,6.81,22.03,50.0,29.29
10.53,35.62,1107.55,4.16,10.47,35.97,1125.42,1.93
10.06,29.2,1451.93,5.39,9.86,29.46,1449.72,3.7
4.32,21.16,375.23,36.05,4.17,21.25,341.93,36.64
4.18,39.9,1011.42,20.46,4.29,39.21,990.42,18.7
6.64,21.16,1125.75,55.04,6.44,20.91,1122.01,56.71
9.67,33.9,1280.22,24.4,9.43,34.32,1262.77,24.29
10.91,39.67,662.81,8.6,10.82,39.15,656.61,8.73
5.05,24.78,489.25,42.88,5.16,23.52,489.74,42.47
8.16,22.84,521.68,17.6,8.13,22.73,543.61,18.76
6.67,22.43,1083.3,31.53,6.6,22.36,1078.94,32.7
10.79,26.07,1234.33,41.87,10.8,26.13,1250.42,42.37
9.89,22.02,313.34,54.02,9.63,22.39,334.77,54.86
9.87,33.84,587.86,47.53,9.94,34.16,609.38,47.21
7.28,21.25,1357.81,40.58,7.34,21.38,1362.08,41.39
6.9,30.19,1219.71,40.78,6.84,30.79,1190.26,40.27
5.91,39.93,1478.04,56.76,6.06,39.17,1484.96,56.76
4.39,36.28,1143.66,17.75,4.23,36.53,1159.39,17.34
10.05,32.3,620.13,0.07,10.22,32.62,618.92,0.0
9.69,26.13,906.42,16.32,9.71,25.51,932.59,15.28
11.0,32.48,1008.47,13.07,10.95,31.73,1021.37,13.78
10.98,30.54,163.76,39.71,10.97,30.17,172.29,41.68
7.89,28.52,839.52,38.02,7.87,28.19,855.82,39.78
9.38,22.61,1078.52,35.61,9.57,22.99,1083.52,33.72
10.61,37.73,292.62,0.97,10.45,37.42,255.22,2.91
9.95,29.0,1181.92,43.73,9.83,28.57,1174.43,43.25
5.73,23.89,896.47,19.41,5.89,23.59,914.43,20.31
7.15,27.36,1430.72,39.9,7.06,27.91,1418.61,38.54
4.9,28.28,111.51,33.39,5.04,28.29,108.16,33.61
10.68,36.55,434.72,20.56,10.93,36.46,419.05,21.03
8.24,34.67,922.25,8.07,8.18,34.62,949.01,5.85
5.6,35.39,480.01,5.67,5.7,36.03,505.23,6.58
8.7,20.22,1085.92,49.89,8.53,20.0,1072.66,51.91
8.33,28.32,1150.56,55.1,8.44,28.98,1152.77,54.84
6.51,29.63,198.65,38.99,6.54,29.73,188.44,41.03
4.79,20.38,795.09,6.21,4.87,20.3,804.31,5.92
8.7,25.2,787.89,24.12,8.6,26.45,795.54,25.4
7.64,35.21,585.46,43.74,7.39,34.68,597.63,40.41
9.41,22.74,1402.74,46.79,9.48,22.57,1407.72,50.42
7.64,30.71,1249.88,7.09,7.33,30.09,1293.92,9.34
9.97,24.3,1060.95,0.0,9.92,24.78,1045.53,0.0
7.86,20.24,1085.77,42.73,8.0,21.09,1060.11,39.77
7.93,24.82,719.49,21.4,7.96,25.66,713.59,21.83
10.14,39.52,1385.44,15.27,10.43,40.0,1361.92,13.1
6.82,36.03,1057.16,0.77,6.98,35.93,1034.78,1.44
4.94,39.19,1107.02,32.42,4.84,39.01,1092.0,33.04
4.2,29.76,1299.45,51.07,4.21,28.92,1285.62,49.66
9.29,22.19,447.4,57.46,9.28,23.21,433.08,59.14
8.34,30.96,1220.25,33.94,8.1,31.19,1228.03,35.15
8.93,29.09,333.1,30.87,8.79,28.84,325.51,32.33
5.49,36.89,550.75,5.1,5.41,37.55,548.05,5.12
4.95,21.96,536.64,32.93,4.65,21.48,550.05,30.81
4.1,29.76,1468.86,22.8,4.11,29.97,1457.37,24.27
6.45,23.0,1291.98,36.43,6.42,22.91,1288.01,36.02
8.13,26.49,1066.7,23.32,7.88,26.81,1072.18,21.24
6.75,34.75,1104.23,14.42,6.81,34.72,1075.11,16.45
7.06,29.52,865.01,5.7,7.17,28.79,829.23,8.85
10.33,27.52,1423.28,18.9,10.36,27.56,1428.47,18.83
6.44,27.89,769.58,5.8,6.39,28.41,776.96,9.04
7.6,29.19,601.75,10.61,7.69,29.17,632.71,10.75
9.49,35.7,286.4,59.24,9.59,36.09,288.77,58.67
6.78,37.84,1190.0,26.65,6.82,37.32,1202.29,25.7
8.35,39.11,1114.94,31.91,8.23,39.09,1112.01,34.37
10.04,35.74,607.31,52.42,10.08,35.43,611.77,51.25
10.65,26.31,86.53,59.73,10.83,26.68,111.54,60.0
5.03,33.76,1266.55,34.96,4.94,33.78,1234.69,34.12
10.49,28.75,66.56,48.75,10.8,29.1,72.76,48.06
7.44,25.09,1070.36,19.62,7.37,25.64,1102.4,21.16
5.81,36.82,1456.87,18.34,5.81,37.16,1461.1,17.77
7.21,20.77,684.61,24.16,7.11,20.91,709.37,23.56
10.86,38.04,390.71,40.35,10.89,37.54,381.27,42.05
7.45,29.23,1072.06,40.93,7.19,29.23,1071.58,43.33
6.3,32.74,1234.84,18.91,6.22,32.48,1235.34,19.88
8.43,33.19,842.32,7.99,8.27,33.02,809.06,7.01
5.68,37.9,1452.2,37.94,5.7,37.72,1434.68,37.18
4.53,32.73,124.92,7.7,4.68,32.24,108.47,7.82
4.9,32.28,781.95,34.71,5.0,31.3,794.28,35.19
4.9,21.33,1091.76,41.61,4.54,21.0,1104.84,40.12
5.06,30.37,1300.83,42.04,5.37,30.46,1305.69,43.12
4.97,23.0,309.92,45.21,5.02,22.33,322.28,45.34
8.49,34.75,1210.01,52.37,8.37,34.76,1207.54,49.8
5.27,30.24,851.43,30.0,5.3,31.19,869.45,28.6
6.42,33.6,625.0,43.81,6.45,34.12,625.13,43.06
10.28,20.83,240.99,37.15,10.18,21.66,241.85,37.04
7.32,21.7,1304.68,11.2,7.35,21.89,1300.69,14.03
8.67,34.33,278.05,1.54,8.58,34.91,288.31,1.9
5.21,21.44,499.19,17.07,5.15,21.08,492.87,15.81
5.35,21.43,470.57,26.58,5.24,21.1,485.21,26.91
4.29,20.24,1313.55,37.03,4.07,20.0,1296.57,36.5
5.18,39.13,1025.42,51.0,5.2,39.72,1008.94,51.48
5.95,34.75,1205.19,11.77,6.04,35.52,1215.5,12.65
5.24,27.07,413.18,7.53,5.32,26.79,411.85,9.35
4.62,25.93,956.07,57.81,4.74,25.8,949.26,57.77
4.84,26.99,879.03,6.48,4.89,26.62,892.38,8.94
7.23,35.49,1257.6,28.71,7.15,35.68,1248.5,30.07
5.44,33.23,1363.83,35.13,5.57,33.79,1360.82,34.07
6.55,23.7,67.63,32.48,6.35,22.83,88.62,35.8
7.52,23.48,1027.33,5.16,7.39,23.69,1050.42,5.65
8.83,21.97,125.16,3.42,8.69,21.83,148.75,2.17
4.28,33.21,845.85,6.33,4.44,33.26,841.61,8.81
9.6,35.29,467.07,35.14,9.74,35.52,485.53,38.25
8.4,25.3,494.83,32.66,8.47,25.21,480.59,32.61
4.57,20.42,561.79,14.02,4.73,20.37,548.19,13.27
10.12,21.64,950.87,38.27,9.98,21.54,915.62,38.01
10.45,39.36,534.37,49.2,10.5,39.84,559.47,50.28
4.43,25.91,1112.41,2.49,4.41,26.12,1099.45,4.41
5.94,35.38,636.56,29.89,6.07,35.49,634.67,30.74
9.64,32.49,149.11,41.36,9.63,31.86,135.46,41.51
9.24,27.64,1186.45,15.14,9.18,27.45,1196.88,17.39
5.29,24.11,464.35,18.47,5.37,24.56,458.72,18.0
5.47,22.43,677.51,36.82,5.6,22.45,657.94,38.36
6.59,32.3,1043.89,53.88,6.49,32.63,1050.52,53.44
7.39,35.49,532.06,48.6,7.38,36.38,510.56,49.24
8.33,32.88,132.05,34.99,8.17,33.4,119.49,34.82
6.58,30.61,592.19,43.81,6.21,30.65,560.58,43.73
7.24,20.84,1419.45,21.89,7.27,20.58,1398.09,21.32
9.23,39.37,980.51,38.46,9.32,38.09,983.19,40.48
4.26,35.97,1023.64,27.97,4.3,35.89,994.18,26.87
5.77,25.86,966.81,11.4,5.47,25.69,944.59,10.29
8.99,39.6,338.54,42.1,8.94,39.79,338.5,45.29
10.27,32.04,656.58,33.39,9.93,31.96,648.43,34.85
7.58,31.65,1138.86,21.52,7.79,31.49,1168.74,17.94
7.72,34.96,196.99,54.68,7.56,34.07,224.5,53.83
4.75,36.24,452.89,1.26,4.94,35.77,439.87,0.0
7.13,33.13,450.66,18.95,7.27,33.37,459.02,17.52
7.73,22.56,676.43,3.41,7.59,23.42,687.67,0.0
5.7,26.77,1471.53,45.99,5.53,26.72,1462.57,45.79
5.88,38.56,147.88,42.13,5.94,38.73,125.45,40.41
6.64,24.49,802.12,19.88,6.51,24.97,801.93,19.97
4.14,27.44,310.08,40.54,4.16,27.04,307.49,38.1
6.25,28.64,1457.48,23.76,6.18,28.82,1450.94,23.88
5.48,28.79,214.29,45.38,5.21,28.42,220.92,44.75
6.29,32.26,635.22,27.25,5.96,32.69,623.96,29.5
4.84,38.86,1119.93,24.74,4.87,38.94,1102.65,26.85
10.23,24.81,1071.6,56.08,10.15,24.96,1073.24,57.26
8.16,22.43,662.96,15.05,8.07,22.04,668.75,14.56
8.75,23.95,552.46,7.23,8.86,24.3,534.81,10.2
9.52,37.74,626.54,35.07,9.7,38.78,640.46,32.74
7.49,32.92,433.2,58.16,7.45,32.41,406.64,56.05
4.61,25.72,347.73,22.67,4.56,25.55,339.06,22.54
7.76,36.32,750.41,3.72,7.83,36.43,746.54,7.1
8.11,37.23,439.37,20.36,7.9,37.62,429.83,20.05
9.22,36.93,466.82,30.36,9.25,36.65,458.34,30.08
7.02,38.38,1002.3,9.72,7.1,36.96,1030.36,7.55
4.89,25.04,1454.38,39.49,5.0,25.72,1441.62,40.91
5.99,35.1,925.27,59.86,5.7,35.48,961.89,60.0
6.54,29.21,161.62,27.1,6.43,28.34,168.18,28.29
8.52,36.84,159.6,21.28,8.39,36.54,160.98,20.34
8.0,34.57,1429.56,24.04,8.01,35.35,1436.71,22.98
6.49,35.53,481.07,6.91,6.56,36.25,519.02,4.97
10.91,33.12,183.5,53.0,11.0,33.59,168.59,53.12
8.24,23.55,918.61,24.89,8.17,23.46,901.81,23.27
5.66,30.9,954.29,23.24,5.59,30.94,942.97,21.47
4.71,39.69,990.33,39.58,4.88,39.63,990.81,38.95
5.07,38.75,437.73,26.52,5.11,39.31,411.85,25.79
5.72,20.86,71.91,38.89,5.91,20.43,72.25,38.09
5.12,23.3,1449.27,3.69,5.17,22.89,1474.68,4.39
5.31,22.63,413.79,48.82,5.13,23.14,416.07,48.94
6.0,34.52,1030.24,56.43,5.8,34.5,1025.85,56.0
5.21,36.36,1074.61,38.93,4.98,37.04,1065.34,39.2
10.28,24.27,934.51,57.27,10.38,23.93,947.99,55.79
4.56,30.12,503.72,9.09,4.74,30.09,491.33,9.24
7.67,36.81,443.09,28.64,7.95,36.35,470.79,28.87
6.87,34.66,916.62,36.11,7.0,34.66,945.62,33.85
10.88,30.84,1305.84,34.9,11.0,30.11,1309.69,36.4
4.78,31.81,1422.76,24.09,4.7,31.56,1422.59,22.77
6.78,30.17,203.56,20.29,6.61,29.45,219.02,20.42
10.79,25.95,274.5,7.61,10.91,26.3,290.92,9.36
10.06,31.3,1419.87,23.5,10.12,31.66,1407.78,24.89
9.72,33.78,1117.98,9.76,9.74,32.91,1110.08,9.81
5.81,37.47,1330.34,44.06,5.86,38.13,1310.51,43.52
5.2,32.73,343.82,12.53,5.24,33.97,349.95,13.95
8.68,35.22,902.0,3.51,8.87,35.25,912.0,4.53
10.51,23.2,1066.65,33.14,10.7,22.88,1046.4,32.21
7.9,29.23,1036.16,35.71,7.98,30.64,1029.33,34.52
8.0,20.19,641.82,52.31,8.13,20.0,621.61,49.21
5.96,24.93,72.32,34.62,6.04,24.94,58.84,34.85
9.39,34.53,895.24,20.73,9.32,34.62,903.51,20.6
5.31,39.84,417.0,48.18,5.42,40.0,406.0,49.88
6.27,21.98,702.87,32.42,6.06,22.16,698.36,32.96
6.98,28.03,1438.49,4.76,7.14,27.78,1414.08,6.76
7.55,36.0,628.6,33.95,7.37,35.53,631.41,32.9
5.7,24.08,1267.71,54.48,5.74,23.91,1267.05,56.19
4.8,31.1,323.38,23.78,4.68,30.6,312.45,22.99
8.27,34.66,1025.07,17.78,8.36,34.69,1022.23,18.95
6.02,32.32,1466.66,8.61,6.02,32.04,1469.36,6.42
8.07,23.76,197.74,9.09,7.83,23.01,185.52,9.44
5.08,27.11,62.06,25.97,5.14,27.74,50.0,22.99
7.37,35.68,678.7,35.74,7.28,35.43,705.78,35.34
7.73,31.08,184.31,4.84,7.86,30.45,174.81,5.5
4.36,20.1,1135.16,56.37,4.36,20.02,1133.71,55.59
6.36,35.22,1376.1,45.31,6.42,35.25,1391.26,43.73
4.94,20.71,679.33,35.2,4.8,20.0,732.27,36.47
4.44,34.91,425.13,49.71,4.36,35.08,406.46,49.55
10.93,24.05,679.88,4.81,10.86,23.53,686.63,4.08
6.26,39.16,1099.0,28.61,6.38,40.0,1088.39,28.67
9.67,27.36,63.13,37.81,9.92,27.62,55.05,41.76
5.78,26.54,904.71,49.72,5.66,26.34,893.91,51.45
8.77,22.98,939.27,47.01,8.93,22.61,922.39,48.75
9.32,26.11,974.65,16.62,9.0,26.06,974.03,17.28
8.17,37.53,400.93,56.45,7.99,37.84,378.81,56.7
7.3,39.93,1085.38,7.46,7.16,39.91,1099.58,3.87
6.88,27.37,182.52,52.51,6.68,27.26,183.34,51.49
6.44,28.97,338.94,58.26,6.2,29.0,345.28,57.54
10.51,34.44,1322.33,10.63,10.57,34.14,1315.34,7.82
9.81,37.72,1121.15,43.32,9.78,37.55,1115.64,41.59
10.76,31.86,69.93,2.42,10.81,30.82,74.24,0.0
4.87,27.83,410.15,24.33,4.97,28.32,392.68,24.27
9.12,28.25,360.89,30.98,9.16,28.4,355.52,32.21
10.57,33.91,442.67,34.84,10.67,33.53,429.77,36.5
5.27,20.06,408.96,56.16,5.26,21.01,395.6,56.78
4.47,32.39,140.66,40.34,4.29,32.44,109.02,38.89
9.19,27.11,715.46,28.88,9.35,26.59,735.55,25.98
8.02,35.88,1112.46,48.58,7.93,36.31,1102.17,45.95
9.89,21.86,929.76,57.03,9.75,22.06,947.21,55.13
4.98,31.76,1025.66,1.32,4.95,31.96,1041.7,0.0
9.57,29.62,167.67,58.95,9.43,29.41,148.38,58.71
5.41,32.85,1429.66,5.17,5.35,33.07,1413.34,3.65
5.15,21.3,1265.81,48.86,5.2,21.17,1304.22,49.37
5.15,31.6,1217.38,16.82,5.2,31.88,1243.64,16.47
9.7,31.23,1243.33,7.93,9.57,30.28,1242.85,7.95
8.66,31.21,1402.43,26.39,8.58,31.0,1406.29,28.1
7.66,32.07,839.17,38.64,7.82,32.93,829.71,36.87
6.51,33.53,340.41,22.86,6.59,33.15,346.89,23.49
10.14,36.1,944.34,3.27,10.45,35.8,933.58,3.25
6.75,25.4,1127.18,35.97,6.92,25.17,1096.69,35.47
9.72,36.5,1119.98,54.14,9.89,35.89,1100.16,55.47
7.07,29.97,806.1,22.99,6.87,28.86,806.42,24.31
6.64,21.54,149.27,12.98,6.75,21.43,132.3,11.56
7.24,21.17,588.11,26.55,7.23,21.24,587.1,26.28
6.11,26.68,1385.11,2.9,6.03,26.66,1368.99,3.32
9.23,35.7,897.45,49.23,9.26,35.63,885.72,48.82
7.52,34.15,830.58,49.58,7.66,34.18,843.38,50.46
5.63,35.77,439.84,35.28,5.7,36.28,443.55,35.7
10.3,30.35,584.25,21.19,10.17,30.25,584.11,23.94
6.69,28.8,1348.25,47.99,6.8,28.52,1361.44,45.69
7.8,22.95,1016.37,33.28,7.71,22.81,1023.58,33.1
10.35,26.56,1191.71,49.56,10.38,26.85,1213.41,48.19
8.37,28.68,708.8,37.89,8.32,29.39,701.9,38.79
4.82,21.77,963.86,47.06,4.79,21.46,957.41,44.64
10.58,24.41,410.16,35.91,10.69,24.46,390.64,36.43
8.39,31.96,1072.92,24.85,8.24,32.13,1066.48,23.9
6.34,34.71,670.02,57.48,6.64,34.22,684.49,56.38
4.97,39.97,691.69,32.47,4.7,39.98,711.19,30.3
9.56,38.66,991.52,36.31,9.47,37.93,1005.92,35.61
8.34,32.85,1407.61,13.23,8.4,31.97,1380.69,14.86
7.73,28.42,142.81,37.54,7.82,28.61,159.06,37.5
10.26,32.72,1245.88,34.3,10.24,32.53,1218.3,35.24
9.52,35.71,473.96,11.09,9.51,35.81,487.43,13.59
5.06,22.37,693.68,3.58,5.12,22.36,688.17,3.97
6.18,28.2,81.77,36.26,6.15,27.71,92.31,35.42
5.74,36.8,486.52,45.82,5.95,36.77,466.53,46.52
9.21,27.68,778.82,31.4,9.33,27.06,796.38,30.59
4.23,31.44,131.46,13.61,4.37,32.13,109.48,12.85
7.99,31.76,762.09,39.99,7.84,31.08,752.06,37.71
9.34,23.69,1394.31,4.81,9.33,23.59,1379.34,6.2
10.14,27.24,202.82,26.51,10.09,26.72,176.51,25.93
6.39,26.69,1158.44,9.8,6.24,26.98,1159.86,10.08
9.75,20.52,644.02,11.07,9.8,20.36,671.11,9.51
4.77,20.48,1000.0,12.14,4.69,20.22,1040.01,12.79
9.93,36.63,427.34,23.2,10.02,37.06,428.8,22.06
4.89,25.46,281.26,3.07,4.73,25.48,298.01,2.86
6.78,30.36,282.67,23.87,7.04,30.62,286.15,25.18
9.58,25.97,152.21,30.7,9.45,25.48,159.7,31.89
5.05,38.81,319.19,29.0,5.08,38.11,314.06,28.96
5.6,25.19,1013.12,22.97,5.72,25.24,1016.04,20.31
9.06,28.59,1328.45,50.35,8.97,28.43,1336.51,54.84
9.04,37.45,1230.48,8.72,9.17,37.77,1221.81,11.34
8.49,36.84,1043.44,30.34,8.3,36.8,1042.28,31.43
8.86,23.72,210.13,3.72,9.08,23.82,209.25,2.59
7.8,36.05,469.32,4.27,7.8,35.24,481.72,4.1
5.76,29.16,499.22,34.43,5.67,30.11,483.23,33.62
6.42,29.66,412.44,33.96,6.37,29.58,411.66,35.86
5.27,22.67,796.76,52.68,5.39,23.02,825.44,53.08
10.36,21.61,826.55,33.47,10.27,21.19,844.01,32.3
8.08,34.56,567.48,57.59,7.97,34.71,587.72,56.88
6.81,29.93,562.99,2.92,6.77,29.28,563.36,4.6
7.23,28.74,1251.41,5.88,7.06,28.96,1256.22,8.28
10.63,34.59,1194.47,2.64,10.9,34.41,1209.51,4.94
5.07,35.31,496.3,11.12,4.99,35.32,519.71,12.25
8.1,23.18,1374.99,32.48,8.23,23.53,1345.72,32.1
7.54,32.2,1431.58,38.73,7.57,31.59,1411.85,33.87
8.28,22.71,523.78,2.74,8.13,22.36,543.42,3.18
4.13,35.03,563.92,56.76,4.13,35.26,559.76,56.76
10.1,33.14,783.17,50.53,10.22,34.19,773.09,50.74
10.52,39.13,1414.63,17.8,10.5,39.06,1395.81,17.88
7.96,21.38,1320.66,4.63,8.13,21.67,1312.34,2.64
8.88,21.14,198.72,10.19,9.03,21.09,177.69,11.03
10.46,25.64,619.46,7.62,10.6,26.61,650.83,8.56
8.95,25.23,852.39,7.4,8.88,24.36,852.05,8.42
5.07,24.94,779.54,31.11,4.91,24.99,778.67,32.53
8.03,38.13,331.1,14.75,7.94,37.31,339.92,15.66
8.25,24.99,1295.28,21.49,8.28,23.74,1309.72,20.87
6.97,25.44,1031.56,59.37,7.05,25.59,1045.75,59.26
9.16,35.19,1264.97,41.06,8.83,35.26,1281.07,41.2
10.54,28.99,1295.21,56.94,10.54,28.85,1285.75,57.1
10.48,35.53,1135.12,8.55,10.5,35.48,1130.65,10.05
7.16,21.31,686.86,22.93,7.11,22.86,698.39,23.89
4.79,29.75,935.29,33.28,4.99,29.62,927.38,36.4
10.89,20.67,282.53,4.61,10.96,20.93,282.45,7.92
9.87,21.25,1026.79,0.25,10.07,20.93,1032.77,0.37
4.87,38.13,309.92,40.23,4.84,38.28,321.69,34.47
10.45,22.78,1056.23,38.51,10.59,22.67,1029.56,40.36
10.09,30.65,382.92,24.65,10.33,30.44,393.64,23.84
7.63,28.22,220.45,29.38,7.83,29.13,216.94,28.18
8.14,26.95,289.66,24.93,7.98,27.54,300.27,24.33
6.79,38.0,52.89,1.44,6.75,38.07,64.54,0.77
4.38,20.44,1092.17,20.12,4.33,20.0,1116.29,21.04
6.35,33.28,1111.98,10.62,6.42,33.1,1132.28,8.29
9.62,39.27,796.65,5.91,9.72,40.0,816.85,4.29
4.03,31.2,283.98,57.4,4.0,31.09,305.63,57.92
6.33,38.74,171.15,35.96,6.34,39.29,175.52,36.9
6.79,21.05,77.74,43.72,6.48,21.77,78.22,44.68
7.76,28.38,290.33,18.92,7.98,28.49,303.43,17.74
10.44,25.2,1341.74,23.59,10.36,24.78,1352.72,22.12
6.42,34.62,400.23,14.22,6.43,33.4,395.59,13.46
6.43,39.63,563.69,5.82,6.38,39.97,569.77,6.18
9.16,25.13,202.75,10.74,9.33,24.72,202.22,12.97
7.17,33.08,372.42,47.85,6.74,33.17,359.61,44.78
5.57,23.96,802.88,40.65,5.57,23.34,822.23,40.32
7.17,31.31,931.24,32.82,7.15,31.17,932.07,30.82
4.99,29.28,405.76,28.51,4.92,29.3,436.49,26.03
5.23,39.44,133.71,55.35,5.49,39.57,109.33,56.8
7.49,32.17,617.0,4.36,7.36,31.61,608.65,5.18
6.93,26.99,389.59,16.84,7.05,27.59,390.08,17.51
10.4,22.28,368.35,21.0,10.46,21.98,385.41,22.38
6.54,23.02,1441.8,46.95,6.73,22.19,1447.79,46.23
8.06,24.51,943.64,59.55,7.96,24.45,948.29,58.9
8.43,25.02,857.47,14.44,8.32,25.04,840.56,17.72
4.09,37.01,652.87,52.46,4.26,37.09,635.52,52.09
8.64,31.22,671.97,49.84,8.71,31.91,676.81,50.94
5.25,30.47,834.31,13.48,5.01,30.35,813.85,13.49
10.73,22.3,1059.82,23.96,10.65,22.24,1051.85,21.19
5.04,37.2,1068.11,24.58,5.1,36.65,1075.63,21.51
6.9,34.46,298.96,58.69,7.03,34.87,284.22,57.82
4.6,21.35,775.16,10.85,4.5,21.45,799.24,12.44
10.98,34.16,647.34,47.95,10.54,33.95,665.7,49.13
7.52,30.87,1312.26,20.05,7.59,29.92,1288.69,21.42
8.17,21.63,965.56,43.85,7.98,22.36,951.57,42.37
4.47,29.17,822.13,25.2,4.17,28.55,787.84,27.62
9.25,29.69,217.32,34.7,8.82,29.4,205.58,33.25
5.47,23.32,928.17,49.96,5.59,23.49,939.67,50.28
10.29,38.91,219.95,48.25,10.31,38.32,213.74,48.23
5.44,37.0,538.95,51.99,5.4,36.25,545.86,51.72
5.33,33.38,257.12,3.58,5.54,32.32,234.29,5.58
4.26,29.25,1053.51,41.52,4.35,29.61,1065.48,40.47
7.3,28.24,349.07,8.4,7.55,27.96,340.74,6.37
7.95,33.02,618.2,24.95,7.74,34.48,618.38,24.98
4.46,30.91,1348.73,32.92,4.45,30.41,1347.34,32.32
9.43,21.25,346.26,24.16,9.19,20.78,327.19,29.23
7.17,30.25,786.32,31.18,7.14,29.97,769.02,32.19
7.67,36.13,657.94,59.79,7.63,36.25,672.46,59.18
7.09,29.18,76.28,8.11,7.18,28.95,82.26,6.53
6.81,21.04,1199.5,40.53,6.81,21.35,1215.25,37.71
7.92,35.73,150.12,23.76,8.01,35.24,154.99,22.22
5.09,24.03,737.67,7.98,5.19,23.34,739.81,8.15
5.27,25.17,862.98,9.52,5.6,24.27,837.09,11.67
10.03,23.29,961.22,56.96,9.99,22.18,957.16,58.64
10.62,26.6,1048.52,52.78,10.48,26.35,1048.11,53.12
6.61,35.14,417.24,54.42,6.65,34.98,446.54,53.94
5.9,30.39,64.47,59.49,5.77,30.07,74.77,59.9
8.51,24.1,1098.99,12.5,8.73,24.72,1122.03,11.72
6.86,37.56,826.7,21.33,6.82,38.17,835.67,23.9
4.18,37.59,1262.37,40.15,4.09,37.42,1251.7,39.87
5.09,37.41,1241.01,29.03,5.02,36.51,1242.77,28.9
9.01,24.78,1272.82,25.1,9.12,24.49,1276.37,21.78
8.61,29.02,753.39,21.47,8.59,28.72,739.3,21.18
4.19,39.7,533.76,35.63,4.09,39.37,528.0,36.88
5.55,35.44,1197.76,34.54,5.8,35.09,1194.67,32.93
5.62,20.54,704.38,9.69,5.49,20.22,728.46,8.56
8.7,21.3,315.99,28.3,8.71,21.11,284.78,29.49
4.14,29.28,1289.71,33.21,4.24,28.96,1307.8,30.99
4.73,38.18,1329.71,34.22,4.48,38.29,1315.66,35.8
9.6,30.77,726.15,12.61,9.67,30.95,705.57,11.81
5.25,29.96,159.76,44.54,5.09,29.5,177.46,43.95
8.57,22.11,612.35,1.51,8.69,22.75,623.33,0.0
5.67,33.14,1215.13,21.29,5.52,32.65,1233.95,21.86
4.7,36.44,1357.57,46.81,4.8,35.63,1369.58,50.5
5.7,27.61,345.04,33.83,5.87,27.8,375.93,35.01
9.06,35.51,147.11,15.67,9.19,35.1,155.49,14.37
9.99,39.29,1322.16,41.7,10.03,39.45,1319.81,43.4
9.81,24.08,614.64,34.04,9.78,22.87,619.78,33.57
6.78,30.47,835.55,47.77,6.69,31.16,854.21,49.84
8.68,25.74,1453.7,44.1,8.9,26.08,1442.0,45.31
5.43,35.86,146.52,36.61,5.33,35.11,136.74,32.19
6.05,31.55,990.06,29.29,5.9,30.81,985.43,27.78
10.27,32.69,157.45,7.99,10.37,33.53,125.88,9.41
4.09,35.96,594.43,15.68,4.0,35.59,596.5,15.91
4.6,27.92,1215.53,25.15,4.46,27.5,1187.24,23.61
5.46,38.3,678.53,35.96,5.24,37.17,679.33,35.01
4.19,30.66,1495.91,30.82,4.11,30.49,1500.0,27.96
5.27,23.16,860.64,17.29,5.26,23.05,853.48,17.16
8.08,33.92,515.69,0.39,8.12,34.28,540.84,3.7
6.95,35.87,369.16,29.77,7.09,35.17,347.25,30.98
10.25,26.34,558.25,17.14,10.33,25.58,576.12,20.42
9.72,37.14,590.17,44.08,9.69,37.37,600.3,45.4
6.39,38.12,149.63,1.44,6.36,38.63,123.89,2.98
5.82,25.54,585.88,35.09,5.89,24.75,626.54,38.05
6.66,39.67,723.15,56.49,6.85,40.0,722.19,57.05
8.13,22.81,1097.97,10.46,8.15,22.83,1084.81,10.18
5.88,24.04,1002.26,28.3,5.81,24.59,981.15,29.85
8.37,23.68,1077.71,5.49,8.22,23.65,1074.41,7.67
6.87,37.88,62.13,37.54,6.65,36.62,60.22,36.82
7.86,33.09,365.62,33.03,7.96,33.01,367.16,31.95
7.05,23.04,1009.44,24.44,7.14,23.57,1004.98,24.65
6.06,28.81,751.78,31.28,6.15,28.36,761.28,32.53
10.64,32.31,57.7,53.79,10.62,32.11,51.89,54.99
9.35,21.67,1216.52,11.78,9.56,21.58,1187.49,9.64
4.98,37.65,1170.57,1.35,4.91,36.2,1168.33,4.22
10.08,36.07,845.21,51.7,10.22,36.91,809.7,50.74
7.41,30.1,146.37,34.63,7.41,29.65,151.68,34.23
10.26,39.34,1161.45,53.44,10.17,39.6,1146.76,52.09
9.6,28.36,896.38,35.82,9.69,28.31,898.84,39.86
6.98,39.68,1183.84,48.61,7.04,40.0,1203.55,48.97
4.16,33.36,1140.03,25.78,4.21,33.56,1125.8,24.5
5.88,32.69,1214.35,44.99,5.89,32.58,1230.27,46.29
7.79,23.32,801.11,54.78,7.79,22.87,794.61,55.94
8.43,37.64,253.47,34.33,8.79,38.04,279.77,34.05
5.81,28.55,1023.18,10.85,5.98,27.61,1017.7,12.11
4.98,23.24,949.69,16.13,5.08,23.57,937.08,14.89
9.84,20.25,1126.27,11.92,9.86,20.0,1136.58,11.18
10.89,31.2,296.33,14.81,11.0,31.82,289.79,11.8
7.68,30.55,332.71,18.38,7.76,30.63,320.09,16.4
5.2,34.39,1341.09,33.31,5.21,34.71,1333.93,36.02
5.91,37.81,1137.47,35.28,5.86,37.85,1136.8,37.74
4.13,21.59,1366.93,25.59,4.12,20.71,1387.06,25.69
10.4,34.63,1150.14,36.93,9.92,34.2,1121.13,39.42
4.82,23.75,915.88,4.89,4.86,24.08,916.22,4.65
8.04,37.16,998.49,5.27,7.96,37.25,1007.87,4.9
5.92,36.38,1339.24,10.31,6.16,36.97,1342.14,10.39
7.88,30.82,889.27,31.08,7.88,31.02,908.92,30.9
8.56,34.2,966.97,12.84,8.38,33.72,965.85,12.52
9.81,26.29,276.89,17.0,9.8,25.89,274.12,18.71
5.44,29.42,737.19,24.02,5.29,29.47,746.07,24.24
4.08,36.43,1088.78,48.71,4.15,35.28,1090.27,49.78
4.96,29.19,442.87,0.83,5.0,30.02,437.01,2.38
10.3,27.16,343.27,38.96,10.44,27.38,351.01,39.55
10.12,29.88,505.05,40.13,10.0,30.5,495.26,38.68
8.18,36.56,400.18,47.92,8.19,35.77,391.01,45.89
8.2,26.7,361.62,55.97,8.0,27.33,353.7,56.19
8.66,23.48,666.03,1.21,8.76,24.59,686.33,0.95
5.23,34.24,1366.37,9.23,5.31,33.58,1318.05,9.36
10.4,36.52,785.24,53.17,10.48,36.91,791.17,53.15
6.93,22.01,322.48,27.51,6.93,22.01,323.0,31.39
6.68,24.8,161.61,33.88,6.74,24.03,136.4,31.88
7.63,22.84,1059.43,39.78,7.87,23.09,1064.07,36.8
4.33,26.96,605.06,40.74,4.29,27.38,612.19,41.24
5.16,29.01,1241.65,55.9,5.18,28.71,1250.5,55.34
9.17,34.98,1006.29,59.82,9.0,35.56,966.51,60.0
4.58,33.02,1204.55,43.21,4.45,32.19,1225.05,44.09
8.22,32.42,444.32,17.23,8.24,31.67,433.26,19.16
5.72,27.05,1053.92,52.79,5.88,27.12,1064.22,50.52
6.73,36.83,432.89,2.95,6.69,36.84,444.01,2.12
6.02,29.43,1411.65,13.86,5.99,29.07,1398.5,14.51
6.49,39.58,972.74,53.84,6.43,39.99,982.65,55.0
9.03,32.68,520.54,15.37,8.95,32.95,514.76,18.66
6.08,22.53,440.79,13.24,6.12,22.95,409.72,14.67
7.96,33.52,326.84,8.29,7.74,33.46,344.36,8.2
7.33,26.5,1057.23,51.55,7.52,26.8,1045.6,50.21
8.65,33.73,367.14,30.0,8.55,33.5,354.32,29.16
10.56,21.39,913.19,40.49,10.67,22.42,907.14,39.6
9.13,23.5,433.72,14.34,8.94,23.09,437.8,15.33
5.5,37.11,1009.85,45.48,5.6,38.17,1009.0,45.87
4.22,24.54,1231.66,45.6,4.32,24.56,1239.88,43.61
5.84,36.74,1178.14,18.76,5.89,36.05,1158.04,18.1
8.17,25.59,1153.23,24.64,8.02,26.27,1142.1,25.96
4.36,32.86,322.2,12.58,4.4,32.92,320.46,13.11
7.47,33.88,178.16,58.59,7.3,34.31,206.63,59.45
8.18,30.25,1063.48,38.74,8.14,30.87,1061.77,39.31
6.34,26.11,584.1,56.07,6.49,26.28,600.38,58.51
9.4,24.25,676.9,18.2,9.52,23.96,677.48,18.56
4.75,20.66,95.17,46.91,4.75,21.15,87.91,46.33
4.53,26.08,426.39,45.95,4.38,26.08,422.68,44.58
9.1,33.06,98.83,41.5,9.19,33.41,96.3,41.87
7.47,38.77,1324.82,57.94,7.47,37.69,1333.87,54.28
8.82,37.42,402.93,23.61,8.47,37.65,423.54,23.34
7.04,35.32,858.14,7.84,7.16,35.0,863.53,7.53
5.72,35.77,106.52,40.3,5.72,36.6,124.33,38.26
9.73,33.3,1016.93,43.76,9.91,33.61,1002.46,42.37
9.6,25.21,518.39,34.5,9.43,25.33,512.17,35.72
8.86,38.14,1351.98,12.41,8.39,38.39,1341.12,12.76
5.91,33.41,1337.77,30.27,5.95,32.92,1342.49,30.42
8.13,31.21,521.67,18.73,8.18,32.02,516.29,19.19
6.53,22.22,1356.39,25.65,6.27,23.22,1367.34,25.79
4.64,28.94,1494.43,38.71,4.49,29.14,1480.46,40.58
10.42,29.21,1246.85,44.71,10.83,30.0,1247.5,44.9
4.96,37.29,1275.06,13.93,4.91,37.01,1285.37,11.75
10.65,30.93,411.06,24.32,10.76,30.53,380.08,26.76
7.12,27.61,886.22,16.15,7.02,27.63,918.04,16.71
5.3,39.54,147.52,11.92,4.98,39.75,143.27,11.03
7.79,22.21,187.63,47.0,7.77,22.02,157.26,45.12
10.11,28.45,1498.39,54.56,10.07,28.72,1500.0,55.15
9.13,20.84,523.63,22.21,9.07,20.99,524.13,22.04
9.65,34.8,1134.87,45.08,9.63,34.3,1133.64,47.44
8.61,38.36,1219.66,53.82,8.65,38.62,1234.53,53.3
8.85,25.6,1294.13,50.77,8.82,26.03,1305.35,49.51
9.94,37.17,1496.56,10.97,9.75,37.25,1500.0,12.31
5.75,25.84,400.17,57.38,5.82,26.42,406.92,58.77
7.43,38.22,108.51,22.6,7.13,37.61,106.94,22.85
5.55,35.08,646.23,20.35,5.24,35.31,672.86,21.37
10.91,36.1,238.62,3.75,11.0,35.51,216.43,3.69
10.61,20.36,82.52,29.17,10.68,20.0,84.61,29.52
4.28,39.26,572.62,6.54,4.27,38.94,573.59,8.29
8.94,34.53,1186.42,14.91,8.73,34.06,1198.62,15.85
10.48,26.1,870.96,19.02,10.37,25.82,858.3,18.76
5.26,36.59,503.53,48.53,5.22,36.48,477.37,50.56
7.98,25.63,998.8,52.53,7.74,26.05,1001.15,48.98
10.41,37.46,386.43,18.15,10.3,37.29,390.64,21.23
4.24,22.25,70.85,51.52,4.34,21.46,93.2,48.96
8.88,34.07,1158.31,51.43,9.1,34.64,1139.26,50.49
6.08,30.81,954.43,45.88,6.02,30.4,971.75,45.82
10.47,21.93,1155.34,8.8,10.58,21.9,1190.85,8.58
10.8,24.84,106.46,41.42,10.51,25.06,100.79,42.93
10.61,20.25,1263.82,56.7,10.71,20.35,1244.46,55.11
7.32,29.38,948.31,40.95,7.2,29.92,942.21,41.34
10.03,26.03,866.92,19.9,10.08,26.26,867.13,19.03
9.91,31.97,955.69,30.03,9.87,31.54,964.15,30.48
6.23,25.94,1303.43,38.74,6.43,27.03,1294.56,38.65
9.8,26.0,901.06,30.63,9.67,26.1,924.39,30.77
4.26,34.86,892.38,7.2,4.35,34.79,875.66,6.37
8.17,20.96,1486.48,18.72,8.13,21.44,1460.4,17.96
5.61,38.06,1147.26,48.14,5.59,38.18,1163.86,48.57
4.84,37.05,691.33,51.69,4.82,37.24,657.21,53.1
4.54,33.36,1075.73,8.24,4.41,34.6,1072.66,7.34
8.87,31.86,614.38,57.14,8.87,31.73,661.15,55.84
6.38,37.85,381.87,19.73,6.37,37.69,381.69,20.65
9.07,23.71,915.44,39.74,9.11,23.76,898.62,39.69
4.46,21.58,1395.86,45.11,4.47,22.12,1395.0,46.36
6.21,24.79,1397.25,48.72,6.33,24.04,1396.49,47.36
7.78,35.89,545.76,56.74,7.91,34.91,548.17,54.08
9.54,20.69,815.13,18.78,9.38,20.4,825.07,17.98
6.23,31.66,356.87,51.51,6.36,30.84,341.29,50.36
8.38,39.91,1493.67,7.9,8.2,39.7,1500.0,7.78
10.2,37.11,1472.62,42.3,10.29,37.37,1476.3,41.35
8.31,30.43,991.79,44.52,8.4,29.98,1002.69,45.63
5.63,21.27,1216.4,40.66,5.34,20.56,1206.98,40.23
4.17,36.63,1086.9,15.14,4.18,36.66,1106.19,15.36
10.09,31.98,910.08,52.38,10.02,32.41,906.22,52.62
4.15,22.3,127.35,10.13,4.04,21.45,131.52,10.42
10.12,21.88,709.41,3.22,10.33,22.29,695.41,3.18
7.7,38.19,1028.44,43.05,7.6,38.6,1013.49,43.81
10.57,33.38,1032.42,28.53,10.45,33.86,1042.74,27.34
9.59,36.59,591.03,50.95,9.6,37.19,584.37,53.05
10.99,37.58,1415.45,23.0,11.0,38.68,1402.65,22.65
6.45,31.44,292.67,10.1,6.43,31.26,283.02,8.13
9.37,30.35,775.52,50.19,9.55,30.4,786.01,50.47
6.81,28.61,1051.78,32.93,6.89,28.4,1042.35,31.66
7.36,26.34,1060.85,11.35,7.03,26.34,1059.08,12.35
8.39,28.69,990.53,43.22,8.31,29.46,990.75,46.54
10.12,35.48,449.17,30.67,10.03,34.81,420.41,29.49
10.89,32.04,276.5,36.26,10.96,31.61,254.43,36.76
9.38,37.85,972.11,27.65,8.98,38.54,977.16,25.02
6.92,28.87,918.99,49.72,7.31,29.38,907.93,50.4
6.95,32.14,310.07,49.77,7.03,31.96,325.92,48.45
9.16,32.63,1072.45,42.56,9.19,33.05,1086.95,41.63
5.67,31.83,710.0,6.32,5.85,32.0,720.79,4.67
4.77,34.05,1018.25,50.33,5.12,34.8,1045.55,51.43
6.48,24.75,1264.18,40.26,6.61,24.79,1262.94,41.77
6.01,30.25,296.11,41.82,6.15,30.76,305.84,41.86
6.07,22.08,77.76,21.78,6.09,23.41,68.99,20.48
5.64,27.69,1179.7,52.76,5.61,27.99,1216.48,55.14
4.29,29.75,934.06,43.52,4.22,29.78,963.82,42.4
4.13,33.04,1064.48,6.76,4.0,33.41,1064.66,3.51
10.91,39.01,1265.32,24.47,10.81,38.83,1271.12,25.15
6.99,32.01,1214.08,53.18,6.79,33.21,1234.47,51.53
6.69,34.87,1443.33,2.83,6.68,34.96,1441.13,4.31
8.76,30.13,827.11,57.68,8.5,29.99,817.26,57.11
5.53,32.68,758.32,40.75,5.56,32.26,771.43,41.66
10.65,21.42,632.74,37.88,10.64,21.97,633.91,39.98
9.5,25.09,272.85,16.23,9.53,25.52,275.6,14.42
4.63,27.24,880.28,14.93,4.55,26.99,867.77,14.08
6.92,29.45,451.67,56.52,7.38,29.74,425.9,56.41
10.15,20.91,1385.9,17.9,10.36,20.16,1389.44,20.2
10.61,22.8,895.63,46.53,10.43,22.89,909.2,45.54
7.27,25.54,909.62,23.59,7.31,25.76,906.23,22.7
8.29,39.43,564.64,8.36,8.2,40.0,586.19,9.07
5.17,26.63,125.38,0.64,5.02,26.24,114.83,0.0
10.94,29.64,96.03,32.66,10.74,29.0,80.21,32.88
5.62,23.92,663.84,58.55,5.69,23.47,662.83,56.22
10.6,32.22,172.62,22.15,10.5,31.55,171.38,25.47
8.55,25.61,929.93,21.43,8.69,26.28,941.48,19.41
8.25,24.14,1327.41,20.65,8.4,24.91,1315.79,20.16
7.59,30.33,1330.23,31.23,7.79,30.49,1350.75,31.18
5.61,20.11,1005.62,26.44,5.49,20.72,1035.12,29.31
5.24,20.15,356.29,52.79,5.31,20.22,355.7,50.81
5.54,24.38,1301.35,30.33,5.64,24.33,1320.09,33.31
5.31,20.73,1334.84,30.47,5.23,20.57,1318.99,31.6
9.46,22.16,335.15,8.3,9.34,22.01,351.28,8.93
6.45,26.78,1119.27,58.96,6.69,26.0,1134.98,57.49
4.4,36.05,465.45,15.0,4.44,36.18,478.4,15.86
10.78,31.44,1213.83,4.4,10.88,31.42,1213.6,3.32
10.19,30.25,1495.99,39.79,10.06,30.63,1451.68,41.69
10.49,25.87,93.54,35.72,10.31,25.92,83.91,34.27
10.96,38.64,1351.18,24.91,10.88,38.55,1341.79,24.74
5.22,27.94,952.81,25.33,5.2,27.5,938.14,24.5
6.77,21.74,1461.4,47.1,6.61,21.78,1463.24,45.62
9.31,32.34,724.26,11.74,9.31,32.71,717.98,12.85
8.87,22.28,1278.71,49.22,8.62,21.71,1266.34,50.02
5.08,26.9,140.47,38.92,4.91,26.95,124.59,40.74
9.71,30.15,536.15,25.14,9.81,30.26,525.42,22.47
5.57,37.48,147.17,27.48,5.66,37.13,164.0,29.08
5.57,29.87,1464.25,15.4,5.51,29.58,1454.33,19.16
7.76,34.05,1234.61,45.13,7.61,34.16,1226.89,44.45
8.15,39.86,1286.19,30.77,8.0,39.29,1279.34,33.62
8.06,22.63,1410.05,19.25,8.0,22.8,1415.13,18.86
4.64,25.49,173.4,35.76,4.74,25.05,180.24,33.7
10.14,27.89,609.12,59.74,10.28,28.42,563.45,59.29
5.86,28.44,153.0,26.12,5.78,29.61,168.33,27.69
4.91,28.22,355.65,55.24,4.73,27.79,377.2,53.98
10.22,38.15,382.58,20.7,10.26,38.42,366.83,19.8
10.69,34.28,730.21,3.28,10.57,33.92,715.62,4.17
10.03,32.16,439.42,12.25,9.96,32.68,432.66,12.26
9.67,26.19,196.42,25.12,9.87,25.55,185.08,26.0
8.59,36.48,292.86,13.18,8.71,36.72,296.22,13.53
7.86,39.1,263.55,0.01,7.88,38.66,234.35,0.73
4.61,36.42,1460.96,54.9,4.42,36.32,1444.19,54.25
6.86,20.03,1150.97,50.63,6.89,20.0,1174.06,50.98
6.61,32.73,1453.25,44.54,6.77,33.14,1439.33,43.15
5.82,21.02,687.62,10.07,5.76,20.6,706.28,12.0
9.06,25.15,453.63,7.22,9.27,25.43,458.96,6.27
7.47,21.19,1207.53,4.06,7.67,21.02,1180.39,5.75
4.57,32.08,523.07,43.44,4.82,32.02,532.6,43.09
5.54,33.73,484.11,55.73,5.59,33.81,482.34,56.03
8.78,22.29,387.13,25.83,8.87,21.91,380.3,25.09
4.53,27.68,238.03,7.15,4.75,27.78,241.71,5.62
9.96,29.12,421.87,30.74,10.03,29.89,428.99,28.13
7.47,27.38,565.21,20.93,7.39,26.99,575.83,19.35
7.36,22.42,1027.29,22.49,7.3,23.01,1044.97,22.0
8.15,28.38,140.72,37.28,8.18,29.13,146.84,37.6
9.77,35.02,355.24,43.12,9.58,34.62,334.6,44.64
6.43,21.42,1223.08,6.64,6.41,20.69,1215.98,5.97
8.75,21.6,263.04,2.14,8.91,21.75,307.18,0.81
7.96,27.1,546.84,59.66,7.63,26.82,557.7,57.5
5.87,38.83,1303.76,13.96,6.1,39.77,1339.29,14.68
10.15,33.37,274.64,3.23,10.32,33.39,295.57,5.3
9.58,33.57,169.97,11.39,9.51,33.17,173.6,13.29
8.61,27.24,752.58,2.34,8.69,26.66,757.1,3.4
9.95,31.87,488.51,23.51,9.95,32.42,487.96,24.47
10.07,20.2,866.94,48.14,10.26,20.0,840.88,50.69
8.96,32.72,1215.52,20.47,9.11,32.74,1215.79,20.97
9.86,38.27,248.87,26.65,9.65,38.74,267.03,27.62
8.88,32.25,892.01,40.54,8.97,32.01,883.02,40.05
8.76,37.47,782.99,30.53,8.73,37.45,789.17,28.49
8.33,34.48,258.91,51.69,8.34,34.47,271.69,50.66
9.27,22.41,954.8,51.96,9.16,22.75,941.15,51.95
5.11,38.05,446.78,0.59,5.37,38.34,440.01,0.69
10.17,21.33,757.36,46.68,10.32,21.22,742.09,49.57
10.1,30.68,169.29,27.64,9.99,30.71,156.96,27.77
4.2,22.84,716.4,59.33,4.0,22.66,697.08,60.0
9.78,20.23,494.37,28.99,9.72,20.0,480.87,28.34
4.9,28.44,1242.45,59.21,4.97,28.57,1263.74,58.75
6.35,25.9,132.62,45.27,6.38,26.85,118.89,43.28
9.2,29.72,656.98,14.92,9.39,29.28,658.88,13.8
5.13,31.54,714.73,32.3,5.24,31.16,707.18,33.09
9.73,20.87,1101.26,59.53,9.87,20.44,1118.94,59.54
9.82,22.46,882.72,51.45,9.87,22.82,902.38,52.87
7.55,31.17,1017.46,5.84,7.34,31.4,1030.42,6.11
4.04,26.86,1176.72,42.38,4.02,26.78,1181.31,41.85
6.01,34.58,1300.19,20.73,6.17,34.12,1296.73,23.96
8.32,33.05,505.12,0.42,8.31,33.09,487.24,0.28
10.87,36.91,830.13,24.21,10.94,36.13,859.29,25.95
8.42,33.85,1268.16,14.09,8.37,33.92,1256.76,13.48
5.82,28.6,1484.7,49.13,5.66,29.03,1494.66,50.2
8.44,33.46,1339.8,20.24,8.42,32.83,1355.7,21.63
7.78,25.51,588.63,49.65,7.83,24.74,580.3,49.96
9.46,26.13,332.99,0.04,9.36,26.92,348.56,0.0
4.75,35.78,759.62,18.47,4.71,35.47,771.08,18.5
9.33,28.93,1125.38,14.47,9.19,29.5,1151.3,16.32
7.79,35.97,764.23,14.01,7.96,35.89,757.18,14.81
10.74,36.45,750.61,4.09,10.7,36.37,731.32,4.76
6.39,37.15,1265.43,11.23,6.61,37.37,1257.85,8.64
8.43,38.33,574.04,33.33,8.66,37.89,577.17,32.25
10.52,28.62,1296.7,17.48,10.51,28.69,1297.58,18.1
4.72,26.38,639.87,25.04,4.57,26.19,633.97,25.66
10.56,31.64,525.94,22.61,10.25,30.98,497.3,24.43
8.82,27.42,708.29,52.55,8.59,27.59,715.34,52.34
4.47,32.02,1155.55,54.32,4.27,31.89,1185.13,54.93
6.11,34.11,232.7,29.58,6.31,34.03,239.67,29.6
8.96,33.77,334.81,19.81,8.97,33.16,343.94,18.33
4.47,27.49,1429.59,6.41,4.53,28.29,1438.18,3.02
8.08,23.34,304.46,57.2,7.74,23.78,310.42,57.85
6.42,28.61,873.2,3.61,6.24,29.09,887.18,3.87
8.35,22.85,890.01,17.86,8.48,22.7,895.94,16.93
4.32,37.8,759.96,17.88,4.36,36.94,755.27,15.46
10.1,26.92,984.88,19.22,10.08,27.89,972.94,20.17
10.81,23.09,383.25,9.86,10.9,23.06,379.51,9.46
10.78,20.51,851.36,46.99,11.0,20.13,856.07,47.82
9.25,32.92,589.65,7.35,9.21,33.12,584.91,10.15
4.91,32.74,1009.42,38.09,4.92,33.32,1014.13,34.88
